Workbook

Sheet 조경 4종(2001-2025)
A1: 조경 국가자격 4종 검정 현황 (2001~2025)
A2: 출처: 한국산업인력공단 Q-Net 「종목별 검정현황」. 매거진그린 자체 집계.
A4: 종목 | B4: 연도 | C4: 필기 응시 | D4: 필기 합격 | E4: 필기 합격률 | F4: 실기 응시 | G4: 실기 합격 | H4: 실기 합격률
A5: 조경기사 | B5: 2001 | C5: 2827 | D5: 716 | E5: =D5/C5 | F5: 1539 | G5: 540 | H5: =G5/F5
A6: 조경기사 | B6: 2002 | C6: 3155 | D6: 538 | E6: =D6/C6 | F6: 1100 | G6: 413 | H6: =G6/F6
A7: 조경기사 | B7: 2003 | C7: 3173 | D7: 708 | E7: =D7/C7 | F7: 1289 | G7: 360 | H7: =G7/F7
A8: 조경기사 | B8: 2004 | C8: 3595 | D8: 654 | E8: =D8/C8 | F8: 1185 | G8: 226 | H8: =G8/F8
A9: 조경기사 | B9: 2005 | C9: 4204 | D9: 889 | E9: =D9/C9 | F9: 2111 | G9: 393 | H9: =G9/F9
A10: 조경기사 | B10: 2006 | C10: 5892 | D10: 872 | E10: =D10/C10 | F10: 2393 | G10: 633 | H10: =G10/F10
A11: 조경기사 | B11: 2007 | C11: 5801 | D11: 999 | E11: =D11/C11 | F11: 1761 | G11: 601 | H11: =G11/F11
A12: 조경기사 | B12: 2008 | C12: 6618 | D12: 1010 | E12: =D12/C12 | F12: 2213 | G12: 721 | H12: =G12/F12
A13: 조경기사 | B13: 2009 | C13: 8453 | D13: 675 | E13: =D13/C13 | F13: 1806 | G13: 647 | H13: =G13/F13
A14: 조경기사 | B14: 2010 | C14: 10147 | D14: 1524 | E14: =D14/C14 | F14: 2838 | G14: 925 | H14: =G14/F14
A15: 조경기사 | B15: 2011 | C15: 9839 | D15: 1278 | E15: =D15/C15 | F15: 2472 | G15: 871 | H15: =G15/F15
A16: 조경기사 | B16: 2012 | C16: 8340 | D16: 855 | E16: =D16/C16 | F16: 2007 | G16: 900 | H16: =G16/F16
... A104: 조경기술사 | B104: 2025 | C104: 222 | D104: 13 | E104: =D104/C104 | F104: 26 | G104: 12 | H104: =G104/F104

Sheet 유사자격증 5종(2015-2025)
A1: 산림·식물보호 국가자격 검정 현황 (2015~2025)
A2: 출처: 한국산업인력공단 Q-Net 「종목별 검정현황」. 조경 자격과의 비교를 위해 매거진그린이 수집.
A4: 종목 | B4: 연도 | C4: 필기 응시 | D4: 필기 합격 | E4: 필기 합격률 | F4: 실기 응시 | G4: 실기 합격 | H4: 실기 합격률
A5: 산림기사 | B5: 2015 | C5: 4881 | D5: 958 | E5: =D5/C5 | F5: 2089 | G5: 937 | H5: =G5/F5
A6: 산림기사 | B6: 2016 | C6: 5026 | D6: 1515 | E6: =D6/C6 | F6: 2420 | G6: 748 | H6: =G6/F6
A7: 산림기사 | B7: 2017 | C7: 4213 | D7: 1686 | E7: =D7/C7 | F7: 3118 | G7: 1406 | H7: =G7/F7
A8: 산림기사 | B8: 2018 | C8: 4451 | D8: 1458 | E8: =D8/C8 | F8: 2463 | G8: 1527 | H8: =G8/F8
A9: 산림기사 | B9: 2019 | C9: 4876 | D9: 1794 | E9: =D9/C9 | F9: 2721 | G9: 1517 | H9: =G9/F9
A10: 산림기사 | B10: 2020 | C10: 4778 | D10: 1669 | E10: =D10/C10 | F10: 2329 | G10: 1685 | H10: =G10/F10
A11: 산림기사 | B11: 2021 | C11: 5749 | D11: 2083 | E11: =D11/C11 | F11: 2364 | G11: 1626 | H11: =G11/F11
A12: 산림기사 | B12: 2022 | C12: 5057 | D12: 2259 | E12: =D12/C12 | F12: 3071 | G12: 1453 | H12: =G12/F12
A13: 산림기사 | B13: 2023 | C13: 5891 | D13: 2915 | E13: =D13/C13 | F13: 4429 | G13: 2525 | H13: =G13/F13
A14: 산림기사 | B14: 2024 | C14: 5991 | D14: 2899 | E14: =D14/C14 | F14: 3946 | G14: 2461 | H14: =G14/F14
A15: 산림기사 | B15: 2025 | C15: 6139 | D15: 2947 | E15: =D15/C15 | F15: 4603 | G15: 1637 | H15: =G15/F15
A16: 산림산업기사 | B16: 2015 | C16: 2077 | D16: 429 | E16: =D16/C16 | F16: 780 | G16: 233 | H16: =G16/F16
... A59: 식물보호산업기사 | B59: 2025 | C59: 3067 | D59: 1664 | E59: =D59/C59 | F59: 2294 | G59: 1166 | H59: =G59/F59

Sheet 증감률 비교(2015-2025)
A1: 등급별 응시자·실기합격률 증감 비교 (2015 → 2025)
A2: 조경 vs 산림 vs 식물보호. SUMIFS로 원본 시트 값을 그대로 참조하므로 원본 데이터가 바뀌면 자동 갱신됩니다.
A4: 등급 | B4: 자격증 | C4: 2015 필기응시 | D4: 2025 필기응시 | E4: 응시자 증감률 | F4: 2015 실기합격률 | G4: 2025 실기합격률 | H4: 실기합격률 변화
A5: 기사 | B5: 조경 | C5: =SUMIFS('조경 4종(2001-2025)'!$C:$C,'조경 4종(2001-2025)'!$A:$A,B5&A5,'조경 4종(2001-2025)'!$B:$B,2015) | D5: =SUMIFS('조경 4종(2001-2025)'!$C:$C,'조경 4종(2001-2025)'!$A:$A,B5&A5,'조경 4종(2001-2025)'!$B:$B,2025) | E5: =D5/C5-1 | F5: =SUMIFS('조경 4종(2001-2025)'!$H:$H,'조경 4종(2001-2025)'!$A:$A,B5&A5,'조경 4종(2001-2025)'!$B:$B,2015) | G5: =SUMIFS('조경 4종(2001-2025)'!$H:$H,'조경 4종(2001-2025)'!$A:$A,B5&A5,'조경 4종(2001-2025)'!$B:$B,2025) | H5: =G5-F5
A6: 기사 | B6: 산림 | C6: =SUMIFS('유사자격증 5종(2015-2025)'!$C:$C,'유사자격증 5종(2015-2025)'!$A:$A,B6&A6,'유사자격증 5종(2015-2025)'!$B:$B,2015) | D6: =SUMIFS('유사자격증 5종(2015-2025)'!$C:$C,'유사자격증 5종(2015-2025)'!$A:$A,B6&A6,'유사자격증 5종(2015-2025)'!$B:$B,2025) | E6: =D6/C6-1 | F6: =SUMIFS('유사자격증 5종(2015-2025)'!$H:$H,'유사자격증 5종(2015-2025)'!$A:$A,B6&A6,'유사자격증 5종(2015-2025)'!$B:$B,2015) | G6: =SUMIFS('유사자격증 5종(2015-2025)'!$H:$H,'유사자격증 5종(2015-2025)'!$A:$A,B6&A6,'유사자격증 5종(2015-2025)'!$B:$B,2025) | H6: =G6-F6
A7: 기사 | B7: 식물보호 | C7: =SUMIFS('유사자격증 5종(2015-2025)'!$C:$C,'유사자격증 5종(2015-2025)'!$A:$A,B7&A7,'유사자격증 5종(2015-2025)'!$B:$B,2015) | D7: =SUMIFS('유사자격증 5종(2015-2025)'!$C:$C,'유사자격증 5종(2015-2025)'!$A:$A,B7&A7,'유사자격증 5종(2015-2025)'!$B:$B,2025) | E7: =D7/C7-1 | F7: =SUMIFS('유사자격증 5종(2015-2025)'!$H:$H,'유사자격증 5종(2015-2025)'!$A:$A,B7&A7,'유사자격증 5종(2015-2025)'!$B:$B,2015) | G7: =SUMIFS('유사자격증 5종(2015-2025)'!$H:$H,'유사자격증 5종(2015-2025)'!$A:$A,B7&A7,'유사자격증 5종(2015-2025)'!$B:$B,2025) | H7: =G7-F7
A8: 산업기사 | B8: 조경 | C8: =SUMIFS('조경 4종(2001-2025)'!$C:$C,'조경 4종(2001-2025)'!$A:$A,B8&A8,'조경 4종(2001-2025)'!$B:$B,2015) | D8: =SUMIFS('조경 4종(2001-2025)'!$C:$C,'조경 4종(2001-2025)'!$A:$A,B8&A8,'조경 4종(2001-2025)'!$B:$B,2025) | E8: =D8/C8-1 | F8: =SUMIFS('조경 4종(2001-2025)'!$H:$H,'조경 4종(2001-2025)'!$A:$A,B8&A8,'조경 4종(2001-2025)'!$B:$B,2015) | G8: =SUMIFS('조경 4종(2001-2025)'!$H:$H,'조경 4종(2001-2025)'!$A:$A,B8&A8,'조경 4종(2001-2025)'!$B:$B,2025) | H8: =G8-F8
A9: 산업기사 | B9: 산림 | C9: =SUMIFS('유사자격증 5종(2015-2025)'!$C:$C,'유사자격증 5종(2015-2025)'!$A:$A,B9&A9,'유사자격증 5종(2015-2025)'!$B:$B,2015) | D9: =SUMIFS('유사자격증 5종(2015-2025)'!$C:$C,'유사자격증 5종(2015-2025)'!$A:$A,B9&A9,'유사자격증 5종(2015-2025)'!$B:$B,2025) | E9: =D9/C9-1 | F9: =SUMIFS('유사자격증 5종(2015-2025)'!$H:$H,'유사자격증 5종(2015-2025)'!$A:$A,B9&A9,'유사자격증 5종(2015-2025)'!$B:$B,2015) | G9: =SUMIFS('유사자격증 5종(2015-2025)'!$H:$H,'유사자격증 5종(2015-2025)'!$A:$A,B9&A9,'유사자격증 5종(2015-2025)'!$B:$B,2025) | H9: =G9-F9
A10: 산업기사 | B10: 식물보호 | C10: =SUMIFS('유사자격증 5종(2015-2025)'!$C:$C,'유사자격증 5종(2015-2025)'!$A:$A,B10&A10,'유사자격증 5종(2015-2025)'!$B:$B,2015) | D10: =SUMIFS('유사자격증 5종(2015-2025)'!$C:$C,'유사자격증 5종(2015-2025)'!$A:$A,B10&A10,'유사자격증 5종(2015-2025)'!$B:$B,2025) | E10: =D10/C10-1 | F10: =SUMIFS('유사자격증 5종(2015-2025)'!$H:$H,'유사자격증 5종(2015-2025)'!$A:$A,B10&A10,'유사자격증 5종(2015-2025)'!$B:$B,2015) | G10: =SUMIFS('유사자격증 5종(2015-2025)'!$H:$H,'유사자격증 5종(2015-2025)'!$A:$A,B10&A10,'유사자격증 5종(2015-2025)'!$B:$B,2025) | H10: =G10-F10
A11: 기능사 | B11: 조경 | C11: =SUMIFS('조경 4종(2001-2025)'!$C:$C,'조경 4종(2001-2025)'!$A:$A,B11&A11,'조경 4종(2001-2025)'!$B:$B,2015) | D11: =SUMIFS('조경 4종(2001-2025)'!$C:$C,'조경 4종(2001-2025)'!$A:$A,B11&A11,'조경 4종(2001-2025)'!$B:$B,2025) | E11: =D11/C11-1 | F11: =SUMIFS('조경 4종(2001-2025)'!$H:$H,'조경 4종(2001-2025)'!$A:$A,B11&A11,'조경 4종(2001-2025)'!$B:$B,2015) | G11: =SUMIFS('조경 4종(2001-2025)'!$H:$H,'조경 4종(2001-2025)'!$A:$A,B11&A11,'조경 4종(2001-2025)'!$B:$B,2025) | H11: =G11-F11
A12: 기능사 | B12: 산림 | C12: =SUMIFS('유사자격증 5종(2015-2025)'!$C:$C,'유사자격증 5종(2015-2025)'!$A:$A,B12&A12,'유사자격증 5종(2015-2025)'!$B:$B,2015) | D12: =SUMIFS('유사자격증 5종(2015-2025)'!$C:$C,'유사자격증 5종(2015-2025)'!$A:$A,B12&A12,'유사자격증 5종(2015-2025)'!$B:$B,2025) | E12: =D12/C12-1 | F12: =SUMIFS('유사자격증 5종(2015-2025)'!$H:$H,'유사자격증 5종(2015-2025)'!$A:$A,B12&A12,'유사자격증 5종(2015-2025)'!$B:$B,2015) | G12: =SUMIFS('유사자격증 5종(2015-2025)'!$H:$H,'유사자격증 5종(2015-2025)'!$A:$A,B12&A12,'유사자격증 5종(2015-2025)'!$B:$B,2025) | H12: =G12-F12
A14: 참고: B열은 원본 시트의 종목명과 정확히 일치해야 SUMIFS가 값을 찾습니다(예: 조경+기사=조경기사).

Sheet 조경 자격취득자 성비(2013-2024)
A1: 조경 국가자격 취득자 성비 (2013~2024)
A2: 출처: 공공데이터포털 「국가자격취득자현황」(한국산업인력공단). 조경기사·조경산업기사는 2023년까지, 조경기능사·조경기술사는 2024년(일부월)까지 공개.
A4: 종목 | B4: 연도 | C4: 남성 취득자 | D4: 여성 취득자 | E4: 합계 | F4: 여성 비율
A5: 조경기사 | B5: 2013 | C5: 387 | D5: 333 | E5: =C5+D5 | F5: =D5/E5
A6: 조경기사 | B6: 2014 | C6: 324 | D6: 220 | E6: =C6+D6 | F6: =D6/E6
A7: 조경기사 | B7: 2015 | C7: 271 | D7: 273 | E7: =C7+D7 | F7: =D7/E7
A8: 조경기사 | B8: 2016 | C8: 295 | D8: 289 | E8: =C8+D8 | F8: =D8/E8
A9: 조경기사 | B9: 2017 | C9: 303 | D9: 252 | E9: =C9+D9 | F9: =D9/E9
A10: 조경기사 | B10: 2018 | C10: 391 | D10: 300 | E10: =C10+D10 | F10: =D10/E10
A11: 조경기사 | B11: 2019 | C11: 293 | D11: 268 | E11: =C11+D11 | F11: =D11/E11
A12: 조경기사 | B12: 2020 | C12: 360 | D12: 342 | E12: =C12+D12 | F12: =D12/E12
A13: 조경기사 | B13: 2021 | C13: 355 | D13: 375 | E13: =C13+D13 | F13: =D13/E13
A14: 조경기사 | B14: 2022 | C14: 429 | D14: 435 | E14: =C14+D14 | F14: =D14/E14
A15: 조경기사 | B15: 2023 | C15: 319 | D15: 333 | E15: =C15+D15 | F15: =D15/E15
A16: 조경산업기사 | B16: 2013 | C16: 240 | D16: 144 | E16: =C16+D16 | F16: =D16/E16
... A50: 조경기술사 | B50: 2024 | C50: 4 | D50: 5 | E50: =C50+D50 | F50: =D50/E50
